INSERT INTO T_OWNER (ID,FIRST_NAME,LAST_NAME) VALUES (1, 'Ziya', 'Ferit');
INSERT INTO T_OWNER (ID,FIRST_NAME,LAST_NAME) VALUES (2, 'Beşir', 'Dal');
INSERT INTO T_OWNER (ID,FIRST_NAME,LAST_NAME) VALUES (3, 'Eda', 'Rize');
INSERT INTO T_OWNER (ID,FIRST_NAME,LAST_NAME) VALUES (4, 'Hadi', 'Duru');
INSERT INTO T_OWNER (ID,FIRST_NAME,LAST_NAME) VALUES (5, 'Pınar', 'Mus');
INSERT INTO T_OWNER (ID,FIRST_NAME,LAST_NAME) VALUES (6, 'Çiğdem', 'Su');
INSERT INTO T_OWNER (ID,FIRST_NAME,LAST_NAME) VALUES (7, 'Aslı', 'Zor');
INSERT INTO T_OWNER (ID,FIRST_NAME,LAST_NAME) VALUES (8, 'Murat', 'Eski');
INSERT INTO T_OWNER (ID,FIRST_NAME,LAST_NAME) VALUES (9, 'Davut', 'Saz');
INSERT INTO T_OWNER (ID,FIRST_NAME,LAST_NAME) VALUES (10, 'Kadir', 'Mutlu');

INSERT INTO T_PET (ID,NAME,BIRTH_DATE,OWNER_ID) VALUES (1, 'Maviş', '2005-09-07', 1);
INSERT INTO T_PET (ID,NAME,BIRTH_DATE,OWNER_ID) VALUES (2, 'Donetello', '2008-08-06', 1);
INSERT INTO T_PET (ID,NAME,BIRTH_DATE,OWNER_ID) VALUES (3, 'Karabaş', '2001-04-17', 1);
INSERT INTO T_PET (ID,NAME,BIRTH_DATE,OWNER_ID) VALUES (4, 'Joe', '2009-03-07', 2);
INSERT INTO T_PET (ID,NAME,BIRTH_DATE,OWNER_ID) VALUES (5, 'Canavar', '2010-11-30', 2);
INSERT INTO T_PET (ID,NAME,BIRTH_DATE,OWNER_ID) VALUES (6, 'Tatlım', '2010-01-20', 3);
INSERT INTO T_PET (ID,NAME,BIRTH_DATE,OWNER_ID) VALUES (7, 'Samanta', '2008-09-04', 5);
INSERT INTO T_PET (ID,NAME,BIRTH_DATE,OWNER_ID) VALUES (8, 'Boncuk', '2008-09-04', 5);
INSERT INTO T_PET (ID,NAME,BIRTH_DATE,OWNER_ID) VALUES (9, 'Şanslı', '2007-08-06', 5);
INSERT INTO T_PET (ID,NAME,BIRTH_DATE,OWNER_ID) VALUES (10, 'Karaburun', '2009-02-24', 6);
INSERT INTO T_PET (ID,NAME,BIRTH_DATE,OWNER_ID) VALUES (11, 'Twetty', '2000-03-09', 7);
INSERT INTO T_PET (ID,NAME,BIRTH_DATE,OWNER_ID) VALUES (12, 'Tarçın', '2000-06-24', 8);
INSERT INTO T_PET (ID,NAME,BIRTH_DATE,OWNER_ID) VALUES (13, 'Sarı', '2002-06-08', 9);

INSERT INTO USERS VALUES('user1','{bcrypt}$2a$10$D6tbEDjBuv7ghv9DSpfIKegJN/ZE7MbLp5Cm5A81jMuMOy3Lm3KY.',TRUE);
INSERT INTO USERS VALUES('user2','{bcrypt}$2a$10$/iB4xWmlCgkZhGGh6UN5ieQq5wYJQs3dEzLyxLYJ4t2DdJsQ2rmkm',TRUE);
INSERT INTO USERS VALUES('user3','{bcrypt}$2a$10$XEmyUMZc5kIUa5a9mE9z6OO/lmILD7QrADWotYDdJoTJ.Dcz8zrKW',TRUE);

INSERT INTO AUTHORITIES VALUES('user1','ROLE_USER');
INSERT INTO AUTHORITIES VALUES('user2','ROLE_USER');
INSERT INTO AUTHORITIES VALUES('user2','ROLE_EDITOR');
INSERT INTO AUTHORITIES VALUES('user3','ROLE_ROLE');
INSERT INTO AUTHORITIES VALUES('user3','ROLE_EDITOR');
INSERT INTO AUTHORITIES VALUES('user3','ROLE_ADMIN');
